Name,Title,Units
MADJU-201,Intro Adm Justice,3
MADJU-201,Intro Adm Justice,3
MADJU-201,Intro Adm Justice,3
MADJU-201,Intro Adm Justice,3
MADJU-201,Intro Adm Justice,3
MADJU-201,Intro Adm Justice,3
MADJU-201,Intro Adm Justice,3
MADJU-201,Intro Adm Justice,3
MADJU-201,Intro Adm Justice,3
MADJU-202,Prin Justice Systm,3
MADJU-202,Prin Justice Systm,3
MADJU-202,Prin Justice Systm,3
MADJU-203,Concepts Criminal Law,3
MADJU-203,Concepts Criminal Law,3
MADJU-203,Concepts Criminal Law,3
MADJU-204,Legal Aspects Evidence,3
MADJU-204,Legal Aspects Evidence,3
MADJU-205,Community Relations,3
MADJU-205,Community Relations,3
MADJU-205,Community Relations,3
MADJU-210,Communications in Crim Justice,3
MADJU-212,Criminal Investigation,3
MADJU-212,Criminal Investigation,3
MADJU-212,Criminal Investigation,3
MADJU-213,Patrol Procedures,3
MADJU-215,Intro to Firearms,3
MADJU-217,Substance Abuse,3
MADJU-219,Corrections Firearms Training,3
MADJU-222,Profiling Terrorism,3
MADJU-232,Juvenile Justice Proced,3
MADJU-234,Crime Causation,3
MADJU-235,Intro to Corrections,3
MADJU-235,Intro to Corrections,3
MADJU-236,Correctional Law,3
MADJU-243,Dom Violence Crisis Int,3
MADJU-351,Elements of Super Public Safe,3
MAG-101,Leadership in Agriculture B,2
MAG-115,Intro Ag Educ & Careers,1
MAG-115,Intro Ag Educ & Careers,1
MAG-115,Intro Ag Educ & Careers,1
MAG-120,Intro Agric Education,2
MAG-259A,Agricultural Work Experience,1
MAG-259B,Agricultural Work Experience,2
MAG-259C,Agricultural Work Experience,3
MAG-259D,Agricultural Work Experience,4
MAGEC-200,Agric Accounting/Analys,3
MAGEC-200,Agric Accounting/Analys,3
MAGEC-209,Import/Export Fundmtls,3
MAGEC-210,Elements of Ag Economics,3
MAGEC-210,Elements of Ag Economics,3
MAGEC-225,Ag Computer Appl,3
MAGEC-225,Ag Computer Appl,3
MAGEC-280,Ag Sales & Service,3
MAGGE-146,"Agriculture, Environ & Society",3
MAGM-200,Intro Mechanical Technology,3
MAGM-200,Intro Mechanical Technology,3
MAGM-210,Agricultural Welding,3
MAGM-210,Agricultural Welding,3
MAGM-210,Agricultural Welding,3
MAGM-212,Mechanical Systems Design,3
MAGM-214,Equipment Serv & Safety,1
MAGM-235,Irrigation and Drainage,3
MAGM-237,"Irrigat Wells, Pumps, and Driv",3
MAGM-238,Irrigation System Design,3
MAGM-241,Diesel Engine Principles,3
MAGM-243,Heavy Machinery Elect Systems,3
MAGM-280,Mbl Machnry Hydrlc Systems,3
MAGM-289,Princ Power Mech/Sm Eng,3
MANAT-125,Human Anatomy,4
MANAT-125,Human Anatomy,4
MANAT-125,Human Anatomy,4
MANAT-125,Human Anatomy,4
MANAT-125,Human Anatomy,4
MANAT-125,Human Anatomy,4
MANAT-125,Human Anatomy,4
MANAT-125,Human Anatomy,4
MANSC-55,Intro to Veterinary Tech,3
MANSC-200,Intro Animal Science,3
MANSC-200,Intro Animal Science,3
MANSC-200,Intro Animal Science,3
MANSC-201,Beef Cattle Science,3
MANSC-202,Swine Science,3
MANSC-210,Livestk Select Evaluate,3
MANSC-215,Animal Hlth & Sanitation,3
MANSC-220,Dairy Industry/Dairy Science,3
MANSC-221,Dairy Cattle Selection,3
MANSC-224,Dairy Feeds & Feeding,3
MANSC-236,Poultry Breeding & Selection,3
MANSC-240,Beef Fitting & Showing,2
MANSC-243,Horse Fitting & Show,2
MANSC-250,"Vet Phys, Anat & Terminology",3
MANSC-250,"Vet Phys, Anat & Terminology",3
MANSC-251,Veterinary Pharmacy Procedures,2
MANSC-251,Veterinary Pharmacy Procedures,2
MANSC-253,Veterinary Laboratory Proc,1
MANSC-253,Veterinary Laboratory Proc,1
MANSC-256,Vet Asst & Nurs: Emer Proc,1
MANSC-256,Vet Asst & Nurs: Emer Proc,1
MANSC-265,Introduction to Colt Training,3
MANTHR-101,Biological Anthropology,3
MANTHR-101,Biological Anthropology,3
MANTHR-101,Biological Anthropology,3
MANTHR-101,Biological Anthropology,3
MANTHR-101,Biological Anthropology,3
MANTHR-101,Biological Anthropology,3
MANTHR-102,Cultural Anthropology,3
MANTHR-102,Cultural Anthropology,3
MANTHR-102,Cultural Anthropology,3
MANTHR-102,Cultural Anthropology,3
MANTHR-102,Cultural Anthropology,3
MANTHR-102,Cultural Anthropology,3
MANTHR-104,Linguistic Anthropology,3
MANTHR-105,Biological Anthro Lab,1
MANTHR-105,Biological Anthro Lab,1
MANTHR-107,Forensic Anthropology,3
MANTHR-140,"Magic, Witchcraft & Religion",3
MANTHR-140,"Magic, Witchcraft & Religion",3
MAP-50,Human Anat-Physio,3
MART-102,Intro to Computer Graphics,3
MART-102,Intro to Computer Graphics,3
MART-108,Ceramics 1,3
MART-108,Ceramics 1,3
MART-108,Ceramics 1,3
MART-108,Ceramics 1,3
MART-109,Ceramics 2,3
MART-109,Ceramics 2,3
MART-109,Ceramics 2,3
MART-109,Ceramics 2,3
MART-110,Ceramics 3,3
MART-110,Ceramics 3,3
MART-110,Ceramics 3,3
MART-110,Ceramics 3,3
MART-120,Basic Drawing 1,3
MART-120,Basic Drawing 1,3
MART-120,Basic Drawing 1,3
MART-120,Basic Drawing 1,3
MART-120,Basic Drawing 1,3
MART-120,Basic Drawing 1,3
MART-120,Basic Drawing 1,3
MART-120,Basic Drawing 1,3
MART-120,Basic Drawing 1,3
MART-120,Basic Drawing 1,3
MART-120,Basic Drawing 1,3
MART-120,Basic Drawing 1,3
MART-121,Basic Drawing 2,3
MART-123,Figure Drawing,3
MART-124,Color and 2-D Fndtn Design,3
MART-124,Color and 2-D Fndtn Design,3
MART-124,Color and 2-D Fndtn Design,3
MART-124,Color and 2-D Fndtn Design,3
MART-129,Fig Drawing 2,3
MART-140,Sculpture 1,3
MART-140,Sculpture 1,3
MART-141,Sculpture 2,3
MART-141,Sculpture 2,3
MART-142,Sculpture 3,3
MART-142,Sculpture 3,3
MART-147,Painting 1 (in Acrylic),3
MART-148,Painting 1 (in Oil),3
MART-149,Painting 2,3
MART-149,Painting 2,3
MART-158,Painting 3,3
MART-158,Painting 3,3
MART-159,Mural Painting,3
MART-160,Appreciation of Art,3
MART-160,Appreciation of Art,3
MART-160,Appreciation of Art,3
MART-160,Appreciation of Art,3
MART-160,Appreciation of Art,3
MART-160,Appreciation of Art,3
MART-160,Appreciation of Art,3
MART-160,Appreciation of Art,3
MART-160,Appreciation of Art,3
MART-160,Appreciation of Art,3
MART-160,Appreciation of Art,3
MART-160,Appreciation of Art,3
MART-160,Appreciation of Art,3
MART-160,Appreciation of Art,3
MART-162,Hist Renaissance Art,3
MART-164,History of Art 1,3
MART-165,History of Art 2,3
MART-165,History of Art 2,3
MART-169,Survey of Asian Art,3
MART-170,Basic Photography,3
MART-170,Basic Photography,3
MART-170,Basic Photography,3
MART-170,Basic Photography,3
MART-173,Basic Digital Photography,3
MART-173,Basic Digital Photography,3
MART-175,Color Photography,3
MASTRO-151,Intro to Astronomy Lab,1
MASTRO-160,Intro to Modern Astronomy,3
MASTRO-160,Intro to Modern Astronomy,3
MASTRO-160,Intro to Modern Astronomy,3
MAUBDY-301,Automotive Collision Repair 1,4
MAUBDY-302,Automotive Collision Repair 2,4
MAUBDY-303,Automotive Collision Repair 3,4
MAUBDY-322,Automotive Spray Refinishing 2,4
MAUTEC-200,Automotive Service Management,3
MAUTEC-211,Intro Alt Fuels & Adv Tech Veh,3
MAUTEC-311,Basic Automotive Systems,4
MAUTEC-311,Basic Automotive Systems,4
MAUTEC-311,Basic Automotive Systems,4
MAUTEC-311,Basic Automotive Systems,4
MAUTEC-311,Basic Automotive Systems,4
MAUTEC-321,A5: Brakes Systems,3.5
MAUTEC-322,A4: Steering/Suspnsn/Algnmnt,3.5
MAUTEC-322,A4: Steering/Suspnsn/Algnmnt,3.5
MAUTEC-324,A3: Manual Trans & Drv Axles,3.5
MAUTEC-368,A6: Atmtv Elctrcty/Elctrnc Sys,3.5
MAUTEC-368,A6: Atmtv Elctrcty/Elctrnc Sys,3.5
MAUTEC-369,A6: Auto Electricity 2,4
MAUTEC-373,Clean Air Course,5
MBIO-101,Biological Principles,4
MBIO-101,Biological Principles,4
MBIO-111,General Biology,4
MBIO-111,General Biology,4
MBIO-111,General Biology,4
MBIO-111,General Biology,4
MBIO-111,General Biology,4
MBIO-111,General Biology,4
MBIO-111,General Biology,4
MBIO-111,General Biology,4
MBIO-111,General Biology,4
MBIO-111,General Biology,4
MBIO-111,General Biology,4
MBIO-111,General Biology,4
MBIO-111,General Biology,4
MBIO-111,General Biology,4
MBIO-111,General Biology,4
MBIO-111,General Biology,4
MBIO-111,General Biology,4
MBIO-111,General Biology,4
MBIO-111,General Biology,4
MBIO-111,General Biology,4
MBIO-111,General Biology,4
MBIO-111,General Biology,4
MBIO-111,General Biology,4
MBIO-111,General Biology,4
MBIO-111,General Biology,4
MBIO-115,"Genetics, Evolution & Society",3
MBIO-116,Biology: Human Perspective,4
MBIO-116,Biology: Human Perspective,4
MBIO-116,Biology: Human Perspective,4
MBIO-116,Biology: Human Perspective,4
MBIO-116,Biology: Human Perspective,4
MBIO-116,Biology: Human Perspective,4
MBUSAD-50,Business Computations,3
MBUSAD-200,Spreadsheet Skills Fin Acctg,2
MBUSAD-200,Spreadsheet Skills Fin Acctg,2
MBUSAD-201,Financial Accounting,4
MBUSAD-201,Financial Accounting,4
MBUSAD-201,Financial Accounting,4
MBUSAD-201,Financial Accounting,4
MBUSAD-201,Financial Accounting,4
MBUSAD-201,Financial Accounting,4
MBUSAD-201,Financial Accounting,4
MBUSAD-201,Financial Accounting,4
MBUSAD-202,Managerial Accounting,4
MBUSAD-202,Managerial Accounting,4
MBUSAD-202,Managerial Accounting,4
MBUSAD-203,Computer Accounting,3
MBUSAD-208,Intro to Interntl Business,3
MBUSAD-210,Business Communication,3
MBUSAD-210,Business Communication,3
MBUSAD-218,Business Law,4
MBUSAD-218,Business Law,4
MBUSAD-218,Business Law,4
MBUSAD-218,Business Law,4
MBUSAD-218,Business Law,4
MBUSAD-230,Personal Finance,3
MBUSAD-230,Personal Finance,3
MBUSAD-230,Personal Finance,3
MBUSAD-240,Principles of Management,3
MBUSAD-240,Principles of Management,3
MBUSAD-240,Principles of Management,3
MBUSAD-245,Principles of Marketing,3
MBUSAD-245,Principles of Marketing,3
MBUSAD-248,Introduction to Business,3
MBUSAD-248,Introduction to Business,3
MBUSAD-248,Introduction to Business,3
MBUSAD-248,Introduction to Business,3
MBUSAD-248,Introduction to Business,3
MBUSAD-248,Introduction to Business,3
MBUSAD-274,Human Resources Managment,3
MBUSAD-300,Machine Calculation,2
MBUSAD-310,Bookkeeping 1,3
MBUSAD-310,Bookkeeping 1,3
MBUSAD-310,Bookkeeping 1,3
MBUSAD-310,Bookkeeping 1,3
MBUSAD-310,Bookkeeping 1,3
MBUSAD-319,Payroll Accounting,3
MBUSAD-336,Tax Accounting,3
MBUSAD-351,Elements of Supervision,3
MBUSAD-364,Total Quality Management,3
MBUSAD-377,Human Relations in Business,3
MCHEM-101,General Chemistry 1,5
MCHEM-101,General Chemistry 1,5
MCHEM-101,General Chemistry 1,5
MCHEM-101,General Chemistry 1,5
MCHEM-101,General Chemistry 1,5
MCHEM-101,General Chemistry 1,5
MCHEM-101,General Chemistry 1,5
MCHEM-101,General Chemistry 1,5
MCHEM-101,General Chemistry 1,5
MCHEM-112,Organic Chemistry 1,5
MCHEM-112,Organic Chemistry 1,5
MCHEM-122,Struc & React: Organic Chem 1,4
MCHEM-133,Prob Solv Skills for Chem 143,1
MCHEM-133,Prob Solv Skills for Chem 143,1
MCHEM-133,Prob Solv Skills for Chem 143,1
MCHEM-133,Prob Solv Skills for Chem 143,1
MCHEM-133,Prob Solv Skills for Chem 143,1
MCHEM-133,Prob Solv Skills for Chem 143,1
MCHEM-133,Prob Solv Skills for Chem 143,1
MCHEM-142,Pre-General Chemistry,3
MCHEM-142,Pre-General Chemistry,3
MCHEM-142,Pre-General Chemistry,3
MCHEM-142,Pre-General Chemistry,3
MCHEM-143,Introductory College Chemistry,4
MCHEM-143,Introductory College Chemistry,4
MCHEM-143,Introductory College Chemistry,4
MCHEM-143,Introductory College Chemistry,4
MCHEM-143,Introductory College Chemistry,4
MCHEM-143,Introductory College Chemistry,4
MCHEM-143,Introductory College Chemistry,4
MCHEM-143,Introductory College Chemistry,4
MCHEM-143,Introductory College Chemistry,4
MCHEM-143,Introductory College Chemistry,4
MCHEM-143,Introductory College Chemistry,4
MCLDDV-101,Princ Pract Tchng Yng Chldrn,3
MCLDDV-101,Princ Pract Tchng Yng Chldrn,3
MCLDDV-101,Princ Pract Tchng Yng Chldrn,3
MCLDDV-103,Child Growth & Development,3
MCLDDV-103,Child Growth & Development,3
MCLDDV-103,Child Growth & Development,3
MCLDDV-103,Child Growth & Development,3
MCLDDV-107,Introduction to Curriculum,3
MCLDDV-107,Introduction to Curriculum,3
MCLDDV-107,Introduction to Curriculum,3
MCLDDV-109,Child-Family-Community,3
MCLDDV-109,Child-Family-Community,3
MCLDDV-109,Child-Family-Community,3
MCLDDV-111,"Health, Safety, and Nutrition",3
MCLDDV-111,"Health, Safety, and Nutrition",3
MCLDDV-121,Guidance of Young Children,3
MCLDDV-121,Guidance of Young Children,3
MCLDDV-121,Guidance of Young Children,3
MCLDDV-125,Infant & Toddler Devt and Care,3
MCLDDV-127,Infant/Toddler Practicum,3
MCLDDV-128,Preschool Practicum,3
MCLDDV-150,Admin in Children's Programs,3
MCLDDV-154,Adult Rlshp & Mntrng in Schls,2
MCLDDV-163,Curric/Strats Chldrn Spec Nds,3
MCLDDV-163,Curric/Strats Chldrn Spec Nds,3
MCLDDV-167,Observation and Assessment,3
MCLDDV-173,Autism: Overview & Treatment,3
MCLDDV-262,Diversity in Educ. Settings,3
MCLDDV-262,Diversity in Educ. Settings,3
MCMPET-206,"Prs Cmpr Assm, Upgrd & Repair",3
MCMPET-206,"Prs Cmpr Assm, Upgrd & Repair",3
MCMPET-206,"Prs Cmpr Assm, Upgrd & Repair",3
MELTEC-208,Fund of Electricity & Electron,3
MELTEC-208,Fund of Electricity & Electron,3
MELTEC-212,Digital Principles & Circuits,3
MELTEC-221,Instrument Devices & Systsems,3
MELTEC-223,Ind Elct Cmp & Cntr Dev,3
MELTEC-223,Ind Elct Cmp & Cntr Dev,3
MELTEC-226,"Motors, Controls & Controllers",3
MELTEC-229,Commercial & Industrial Wiring,3.5
MELTEC-230,Blprnt Rdng for Electricians,2
MELTEC-232,Intro Prog Logic Controllers,2
MELTEC-234,Intro to Pacs: Progr Auto Cont,3
,08/29/16-12/17/16,
MELTEC-265,Troubleshooting Techniques,1
MELTEC-320,Electrical Safety,1
MEMS-350,1st Rspndr w/ Hlthcr Prov CPR,3
MEMS-350,1st Rspndr w/ Hlthcr Prov CPR,3
MEMS-350,1st Rspndr w/ Hlthcr Prov CPR,3
MEMS-380,Basic Ecg Interp/Cardiac Care,3
MEMS-389,Emergency Med Tech 1- Lab,0.5
MEMS-389,Emergency Med Tech 1- Lab,0.5
MEMS-390,Emergency Medical Technician 1,6
MEMS-390,Emergency Medical Technician 1,6
MENGL-48,Grammar Review,1
MENGL-49,Basic English Skills,5
MENGL-49,Basic English Skills,5
MENGL-49,Basic English Skills,5
MENGL-49,Basic English Skills,5
MENGL-49,Basic English Skills,5
MENGL-49,Basic English Skills,5
MENGL-49,Basic English Skills,5
MENGL-49,Basic English Skills,5
MENGL-49,Basic English Skills,5
MENGL-49,Basic English Skills,5
MENGL-49,Basic English Skills,5
MENGL-49,Basic English Skills,5
MENGL-49,Basic English Skills,5
MENGL-49,Basic English Skills,5
MENGL-49,Basic English Skills,5
MENGL-49,Basic English Skills,5
MENGL-49,Basic English Skills,5
MENGL-49,Basic English Skills,5
MENGL-50,Basic Comp & Read,5
MENGL-50,Basic Comp & Read,5
MENGL-50,Basic Comp & Read,5
MENGL-50,Basic Comp & Read,5
MENGL-50,Basic Comp & Read,5
MENGL-50,Basic Comp & Read,5
MENGL-50,Basic Comp & Read,5
MENGL-50,Basic Comp & Read,5
MENGL-50,Basic Comp & Read,5
MENGL-50,Basic Comp & Read,5
MENGL-50,Basic Comp & Read,5
MENGL-50,Basic Comp & Read,5
MENGL-50,Basic Comp & Read,5
MENGL-50,Basic Comp & Read,5
MENGL-50,Basic Comp & Read,5
MENGL-50,Basic Comp & Read,5
MENGL-50,Basic Comp & Read,5
MENGL-50,Basic Comp & Read,5
MENGL-50,Basic Comp & Read,5
MENGL-50,Basic Comp & Read,5
MENGL-50,Basic Comp & Read,5
MENGL-50,Basic Comp & Read,5
MENGL-50,Basic Comp & Read,5
MENGL-50,Basic Comp & Read,5
MENGL-50,Basic Comp & Read,5
MENGL-50,Basic Comp & Read,5
MENGL-50,Basic Comp & Read,5
MENGL-50,Basic Comp & Read,5
MENGL-50,Basic Comp & Read,5
MENGL-50,Basic Comp & Read,5
MENGL-50,Basic Comp & Read,5
MENGL-50,Basic Comp & Read,5
MENGL-50,Basic Comp & Read,5
MENGL-50,Basic Comp & Read,5
MENGL-50,Basic Comp & Read,5
MENGL-50,Basic Comp & Read,5
MENGL-50,Basic Comp & Read,5
MENGL-101,Composition and Reading,3
MENGL-101,Composition and Reading,3
MENGL-101,Composition and Reading,3
MENGL-101,Composition and Reading,3
MENGL-101,Composition and Reading,3
MENGL-101,Composition and Reading,3
MENGL-101,Composition and Reading,3
MENGL-101,Composition and Reading,3
MENGL-101,Composition and Reading,3
MENGL-101,Composition and Reading,3
MENGL-101,Composition and Reading,3
MENGL-101,Composition and Reading,3
MENGL-101,Composition and Reading,3
MENGL-101,Composition and Reading,3
MENGL-101,Composition and Reading,3
MENGL-101,Composition and Reading,3
MENGL-101,Composition and Reading,3
MENGL-101,Composition and Reading,3
MENGL-101,Composition and Reading,3
MENGL-101,Composition and Reading,3
MENGL-101,Composition and Reading,3
MENGL-101,Composition and Reading,3
MENGL-101,Composition and Reading,3
MENGL-101,Composition and Reading,3
MENGL-101,Composition and Reading,3
MENGL-101,Composition and Reading,3
MENGL-101,Composition and Reading,3
MENGL-101,Composition and Reading,3
MENGL-101,Composition and Reading,3
MENGL-101,Composition and Reading,3
MENGL-101,Composition and Reading,3
MENGL-101,Composition and Reading,3
MENGL-101,Composition and Reading,3
MENGL-101,Composition and Reading,3
MENGL-101,Composition and Reading,3
MENGL-101,Composition and Reading,3
MENGL-101,Composition and Reading,3
MENGL-101,Composition and Reading,3
MENGL-101,Composition and Reading,3
MENGL-101,Composition and Reading,3
MENGL-101,Composition and Reading,3
MENGL-101,Composition and Reading,3
MENGL-101,Composition and Reading,3
MENGL-101,Composition and Reading,3
MENGL-101,Composition and Reading,3
MENGL-101,Composition and Reading,3
MENGL-101,Composition and Reading,3
MENGL-101,Composition and Reading,3
MENGL-101,Composition and Reading,3
MENGL-101,Composition and Reading,3
MENGL-101,Composition and Reading,3
MENGL-102,Adv Comp/Intro to Lit,3
MENGL-102,Adv Comp/Intro to Lit,3
MENGL-103,Adv Comp & Critical Thinkng,3
MENGL-103,Adv Comp & Critical Thinkng,3
MENGL-103,Adv Comp & Critical Thinkng,3
MENGL-103,Adv Comp & Critical Thinkng,3
MENGL-103,Adv Comp & Critical Thinkng,3
MENGL-103,Adv Comp & Critical Thinkng,3
MENGL-103,Adv Comp & Critical Thinkng,3
MENGL-103,Adv Comp & Critical Thinkng,3
MENGL-103,Adv Comp & Critical Thinkng,3
MENGL-103,Adv Comp & Critical Thinkng,3
MENGL-103,Adv Comp & Critical Thinkng,3
MENGL-103,Adv Comp & Critical Thinkng,3
MENGL-103,Adv Comp & Critical Thinkng,3
MENGL-103,Adv Comp & Critical Thinkng,3
MENGL-103,Adv Comp & Critical Thinkng,3
MENGL-103,Adv Comp & Critical Thinkng,3
MENGL-103,Adv Comp & Critical Thinkng,3
MENGL-103,Adv Comp & Critical Thinkng,3
MENGL-103,Adv Comp & Critical Thinkng,3
MENGL-103,Adv Comp & Critical Thinkng,3
MENGL-103,Adv Comp & Critical Thinkng,3
MENGL-105,Creative Writing: Poetry,3
MENGL-131,Intro to World Lit 1,3
MENGL-137,Surv Eng Lit to Late18th Cent,3
MENGL-161,Film Appreciation,3
MENGL-169,Children's Literature,3
MENGL-169,Children's Literature,3
MENSCI-108,Environmental Conservation,3
MENSCI-108,Environmental Conservation,3
MENSCI-108,Environmental Conservation,3
MENSCI-108,Environmental Conservation,3
MENSCI-108,Environmental Conservation,3
MESL-2,ESL: Elem Engl Life/Work,5
MESL-2,ESL: Elem Engl Life/Work,5
MESL-2,ESL: Elem Engl Life/Work,5
MESL-3,ESL: High Elem Engl Life/Work,5
MESL-3,ESL: High Elem Engl Life/Work,5
MESL-3,ESL: High Elem Engl Life/Work,5
MESL-4,ESL: Interm Engl Life/Work,5
MESL-4,ESL: Interm Engl Life/Work,5
MESL-4,ESL: Interm Engl Life/Work,5
MESL-5,ESL: High Intm Engl Life/Work,5
MESL-5,ESL: High Intm Engl Life/Work,5
MESL-6,ESL: Low Adv Engl Life/Work,5
MESL-20,English Language 2,5
MESL-23,English Speaking & Listening 1,5
MESL-24,ESL Comp & Reading 1,5
MESL-30,English Language 3,5
MESL-33,Engl Speaking & Listening 2,5
MESL-34,ESL Comp & Reading 2,5
MESL-40,English Language 4,5
MESL-40,English Language 4,5
MESL-43,English Speaking & Listening 3,5
MESL-44,ESL Comp & Reading 3,5
MESL-45,English Language 5,5
MESL-46,ESL Comp & Reading 4,5
MESL-47,English Language 6,5
MESL-48,ESL Comp and Reading 5,5
MESL-901,ESL: Beginning English,0
MESL-901,ESL: Beginning English,0
MESL-902,ESL: Elementary English,0
MESL-902,ESL: Elementary English,0
MESL-902,ESL: Elementary English,0
MESL-903,ESL: Higher Elementary,0
MESL-903,ESL: Higher Elementary,0
MESL-903,ESL: Higher Elementary,0
MESL-904,ESL:Intermediate English,0
MESL-904,ESL:Intermediate English,0
MESL-904,ESL:Intermediate English,0
MESL-905,ESL:High Intermediate,0
MESL-905,ESL:High Intermediate,0
MESL-906,ESL:Low Advanced English,0
MFAMLF-131,Family Relationships,3
MFAMLF-131,Family Relationships,3
MFAMLF-131,Family Relationships,3
MFDNTR-219,Intro to Nutr Science,3
MFDNTR-219,Intro to Nutr Science,3
MFDNTR-219,Intro to Nutr Science,3
MFDNTR-219,Intro to Nutr Science,3
MFDNTR-219,Intro to Nutr Science,3
MFSCI-262,Fire Academy Physical Training,1
MFSCI-301,Fire Protection Organization,3
MFSCI-301,Fire Protection Organization,3
MFSCI-302,Fire Prevention Technology,3
MFSCI-303,Fire Prot Equip & Systems,3
MFSCI-304,Bldg Constr for Fire Prev,3
MFSCI-305,Fire Behavior & Combustion,3
MFSCI-306,Princ Fire/Emrgncy Serv Safety,3
MFSCI-362,Basic Fire Academy,8
MFSCI-363,Advanced Fire Academy,9
MGEOG-101,Physical Geography,3
MGEOG-101,Physical Geography,3
MGEOG-101,Physical Geography,3
MGEOG-101,Physical Geography,3
MGEOG-101,Physical Geography,3
MGEOG-101,Physical Geography,3
MGEOG-101,Physical Geography,3
MGEOG-101,Physical Geography,3
MGEOG-102,Cultural Geography,3
MGEOG-102,Cultural Geography,3
MGEOG-105,Economic Geography,3
MGEOG-110,World Regional Geography,3
MGEOL-161,Physical Geology,4
MGEOL-161,Physical Geology,4
MGEOL-161,Physical Geology,4
MGEOL-165,Geology of California,3
MGEOL-175,Caverns & Karst Topography of,0.5
MGEOL-181,Geol of Sequoia and Kings Cany,1
MGEOL-185,Geology of Calif Volcanoes,2
MGERM-101,German 1,5
MGUIDE-110,Introduction to College,0.5
MGUIDE-110,Introduction to College,0.5
MGUIDE-110,Introduction to College,0.5
MGUIDE-110,Introduction to College,0.5
MGUIDE-110,Introduction to College,0.5
MGUIDE-110,Introduction to College,0.5
MGUIDE-110,Introduction to College,0.5
MGUIDE-110,Introduction to College,0.5
MGUIDE-110,Introduction to College,0.5
MGUIDE-110,Introduction to College,0.5
MGUIDE-110,Introduction to College,0.5
MGUIDE-110,Introduction to College,0.5
MGUIDE-110,Introduction to College,0.5
MGUIDE-110,Introduction to College,0.5
MGUIDE-111,Career Exploration,1
MGUIDE-111,Career Exploration,1
MGUIDE-111,Career Exploration,1
MGUIDE-111,Career Exploration,1
MGUIDE-111,Career Exploration,1
MGUIDE-111,Career Exploration,1
MGUIDE-111,Career Exploration,1
MGUIDE-111,Career Exploration,1
MGUIDE-111,Career Exploration,1
MGUIDE-111,Career Exploration,1
MGUIDE-111,Career Exploration,1
MGUIDE-111,Career Exploration,1
MGUIDE-111,Career Exploration,1
MGUIDE-111,Career Exploration,1
MGUIDE-111,Career Exploration,1
MGUIDE-111,Career Exploration,1
MGUIDE-112,Job Preparation Skills,1
MGUIDE-116,Orientation Re-Entry Adults,2
MGUIDE-116,Orientation Re-Entry Adults,2
MGUIDE-120,Suc Strat / Transfer Students,3
MGUIDE-120,Suc Strat / Transfer Students,3
MGUIDE-120,Suc Strat / Transfer Students,3
MHE-101,Emerg Response/CPR PRO Prvdr,3
MHE-101,Emerg Response/CPR PRO Prvdr,3
MHE-101,Emerg Response/CPR PRO Prvdr,3
MHE-101,Emerg Response/CPR PRO Prvdr,3
MHE-110,Healthful Living,3
MHE-110,Healthful Living,3
MHE-110,Healthful Living,3
MHE-110,Healthful Living,3
MHE-110,Healthful Living,3
MHE-110,Healthful Living,3
MHE-110,Healthful Living,3
MHE-110,Healthful Living,3
MHE-110,Healthful Living,3
MHE-110,Healthful Living,3
MHE-110,Healthful Living,3
MHE-110,Healthful Living,3
MHE-110,Healthful Living,3
MHE-110,Healthful Living,3
MHE-110,Healthful Living,3
MHE-110,Healthful Living,3
MHE-110,Healthful Living,3
MHE-110,Healthful Living,3
MHE-110,Healthful Living,3
MHE-110,Healthful Living,3
MHE-110,Healthful Living,3
MHE-110,Healthful Living,3
MHE-110,Healthful Living,3
MHE-110,Healthful Living,3
MHE-110,Healthful Living,3
MHE-110,Healthful Living,3
MHE-110,Healthful Living,3
MHE-110,Healthful Living,3
MHE-110,Healthful Living,3
MHE-110,Healthful Living,3
MHE-110,Healthful Living,3
MHE-110,Healthful Living,3
MHE-110,Healthful Living,3
MHE-110,Healthful Living,3
MHE-110,Healthful Living,3
MHE-111,Women's Health Issues,3
MHE-111,Women's Health Issues,3
MHE-111,Women's Health Issues,3
MHE-112,Intro to Public Health,3
MHE-118,Exer/Nut for Healthy Living,3
MHE-118,Exer/Nut for Healthy Living,3
MHE-118,Exer/Nut for Healthy Living,3
MHIST-101,History of the U.S. T0 1877,3
MHIST-101,History of the U.S. T0 1877,3
MHIST-101,History of the U.S. T0 1877,3
MHIST-101,History of the U.S. T0 1877,3
MHIST-101,History of the U.S. T0 1877,3
MHIST-101,History of the U.S. T0 1877,3
MHIST-101,History of the U.S. T0 1877,3
MHIST-101,History of the U.S. T0 1877,3
MHIST-101,History of the U.S. T0 1877,3
MHIST-101,History of the U.S. T0 1877,3
MHIST-101,History of the U.S. T0 1877,3
MHIST-101,History of the U.S. T0 1877,3
MHIST-101,History of the U.S. T0 1877,3
MHIST-101,History of the U.S. T0 1877,3
MHIST-101,History of the U.S. T0 1877,3
MHIST-101,History of the U.S. T0 1877,3
MHIST-102,Hist Us Since 1865,3
MHIST-102,Hist Us Since 1865,3
MHIST-102,Hist Us Since 1865,3
MHIST-102,Hist Us Since 1865,3
MHIST-102,Hist Us Since 1865,3
MHIST-102,Hist Us Since 1865,3
MHIST-102,Hist Us Since 1865,3
MHIST-102,Hist Us Since 1865,3
MHIST-102,Hist Us Since 1865,3
MHIST-102,Hist Us Since 1865,3
MHIST-102,Hist Us Since 1865,3
MHIST-104,Western Civilization to 1650,3
MHIST-104,Western Civilization to 1650,3
MHIST-104,Western Civilization to 1650,3
MHIST-105,Wstrn Civilization Since 1650,3
MHIST-105,Wstrn Civilization Since 1650,3
MHIST-106,World Civil to 16th Century,3
MHIST-106,World Civil to 16th Century,3
MHIST-106,World Civil to 16th Century,3
MHIST-106,World Civil to 16th Century,3
MHIST-106,World Civil to 16th Century,3
MHIST-107,World Civ From 16th Century,3
MHIST-107,World Civ From 16th Century,3
MHIST-112,20th Cent America,3
MHIST-112,20th Cent America,3
MHIST-112,20th Cent America,3
MHIST-112,20th Cent America,3
MHIST-113,Soc/Cult Hist US Prior 20th,3
MHIST-115,Econ History of Us,3
MHIST-115,Econ History of Us,3
MHIST-116,Women in American History,3
MHIST-116,Women in American History,3
MHIST-125,History of Mexico,3
MHIST-129,History of California,3
MHIST-129,History of California,3
MHIST-154,Afr Americans thru 19th Cntry,3
MHIST-154,Afr Americans thru 19th Cntry,3
MHUMAN-101,Intro to Humanities,3
MHUMAN-101,Intro to Humanities,3
MHUMAN-101,Intro to Humanities,3
MHUMAN-101,Intro to Humanities,3
MHUMAN-101,Intro to Humanities,3
MHUMAN-101,Intro to Humanities,3
MHUMAN-101,Intro to Humanities,3
MHUMAN-101,Intro to Humanities,3
MHUMAN-101,Intro to Humanities,3
MHUMAN-101,Intro to Humanities,3
MHUMAN-101,Intro to Humanities,3
MHUMAN-105,Early Humanistic Traditions,3
MHUMAN-105,Early Humanistic Traditions,3
MHUMAN-106,Humanities in Modern World,3
MHUMAN-110,East Meets West,3
MHUMAN-110,East Meets West,3
MHUMAN-130,Intro to Western Religions,3
MHUMAN-140,Intro to World Mythology,3
MHUMSR-101,Intro to Human Services,3
MHUMSR-104,Aging in America,3
MHUMSR-110,Intro Interview/Counsel,3
MHUMSR-113,Co-Occurring Disorders,3
MHUMSR-114,Death and Dying,3
MHUMSR-114,Death and Dying,3
MHUMSR-116,Drugs & Alcohol in Society,3
MHUMSR-118,Pharm of Abused Substances,3
MHUMSR-119,Intro Grp Ldrshp/Grp Proc,3
MHUMSR-142,Intro to Psychosocial Rehab,3
MHUMSR-142,Intro to Psychosocial Rehab,3
MHUMSR-143,Psychosocial Rehab Practice,3
MHUMSR-143,Psychosocial Rehab Practice,3
MHUMSR-144,Human Services Practicum,1
MHUMSR-144,Human Services Practicum,1
MHUMSR-144,Human Services Practicum,1
MHUMSR-145A,Community Agency Practicum,1
MHUMSR-145A,Community Agency Practicum,1
MHUMSR-145B,Community Agy Practicum,2
MHUMSR-145B,Community Agy Practicum,2
MHUMSR-145D,Community Agy Practicum,4
MHUMSR-145D,Community Agy Practicum,4
MHUMSR-146,Psych/Soc Rehab Chldrn/Fam,3
MITAL-101,Italian 1,5
MLIBR-100,Research Concepts and Practice,3
MLIBR-100,Research Concepts and Practice,3
MLOGST-200,Introduction to Logistics,3
MLOGST-201,Operations Mgmt & Lean Princip,3
MLOGST-202,Intro to Supply Chain Manageme,3
MLOGST-203,Intro to Transportation Mgmt,3
MLOGST-205,Intro to Warehouse Mgmt,3
MLOGST-300,Global Logistics Assoc Trainin,3
MLOGST-301,Lift Truck Oper & Safety Train,2
MMACH-211D,Machine Tool Tech 1,4
MMACH-211E,Machine Tool Tech 1,5
MMACH-212E,Machine Tool Tech 2,5
MMACH-213,Machine Tool Technology 3,3
MMACH-357,Machine Trades Print Reading,2
MMACH-395A,Advanced Mach Tool Tech Lab,1
MMACH-395B,Advanced Mach Tool Tech Lab,2
MMATH-10,Intro to Math,4
MMATH-10,Intro to Math,4
MMATH-10,Intro to Math,4
MMATH-20,Pre-Algebra,5
MMATH-20,Pre-Algebra,5
MMATH-20,Pre-Algebra,5
MMATH-20,Pre-Algebra,5
MMATH-20,Pre-Algebra,5
MMATH-20,Pre-Algebra,5
MMATH-20,Pre-Algebra,5
MMATH-20,Pre-Algebra,5
MMATH-47,Skills Success: Non Trsfr Crs,0.5
MMATH-70,Elementary Algebra,5
MMATH-70,Elementary Algebra,5
MMATH-70,Elementary Algebra,5
MMATH-70,Elementary Algebra,5
MMATH-70,Elementary Algebra,5
MMATH-70,Elementary Algebra,5
MMATH-70,Elementary Algebra,5
MMATH-70,Elementary Algebra,5
MMATH-70,Elementary Algebra,5
MMATH-70,Elementary Algebra,5
MMATH-70,Elementary Algebra,5
MMATH-70,Elementary Algebra,5
MMATH-70,Elementary Algebra,5
MMATH-70,Elementary Algebra,5
MMATH-70,Elementary Algebra,5
MMATH-70,Elementary Algebra,5
MMATH-70,Elementary Algebra,5
MMATH-70,Elementary Algebra,5
MMATH-70,Elementary Algebra,5
MMATH-70,Elementary Algebra,5
MMATH-70,Elementary Algebra,5
MMATH-70,Elementary Algebra,5
MMATH-70,Elementary Algebra,5
MMATH-89,Interm. Algebra Essentials,4
MMATH-89,Interm. Algebra Essentials,4
MMATH-89,Interm. Algebra Essentials,4
MMATH-89,Interm. Algebra Essentials,4
MMATH-89,Interm. Algebra Essentials,4
MMATH-89,Interm. Algebra Essentials,4
MMATH-89,Interm. Algebra Essentials,4
MMATH-89,Interm. Algebra Essentials,4
MMATH-89,Interm. Algebra Essentials,4
MMATH-89,Interm. Algebra Essentials,4
MMATH-89,Interm. Algebra Essentials,4
MMATH-89,Interm. Algebra Essentials,4
MMATH-89,Interm. Algebra Essentials,4
MMATH-89,Interm. Algebra Essentials,4
MMATH-90,Intermediate Algebra,5
MMATH-90,Intermediate Algebra,5
MMATH-90,Intermediate Algebra,5
MMATH-90,Intermediate Algebra,5
MMATH-90,Intermediate Algebra,5
MMATH-90,Intermediate Algebra,5
MMATH-90,Intermediate Algebra,5
MMATH-90,Intermediate Algebra,5
MMATH-90,Intermediate Algebra,5
MMATH-90,Intermediate Algebra,5
MMATH-90,Intermediate Algebra,5
MMATH-90,Intermediate Algebra,5
MMATH-101,Math Ideas/Applications,3
MMATH-101,Math Ideas/Applications,3
MMATH-101,Math Ideas/Applications,3
MMATH-105,Structure of Mathematics 1,3
MMATH-105,Structure of Mathematics 1,3
MMATH-111,Applied College Algebra,3
MMATH-121,Pre-Calculus 1,5
MMATH-121,Pre-Calculus 1,5
MMATH-121,Pre-Calculus 1,5
MMATH-121,Pre-Calculus 1,5
MMATH-121,Pre-Calculus 1,5
MMATH-122,Pre-Calculus 2,5
MMATH-122,Pre-Calculus 2,5
MMATH-122,Pre-Calculus 2,5
MMATH-130,Finite Mathematics,3
MMATH-130,Finite Mathematics,3
MMATH-134,Elementary Statistics,4
MMATH-134,Elementary Statistics,4
MMATH-134,Elementary Statistics,4
MMATH-134,Elementary Statistics,4
MMATH-134,Elementary Statistics,4
MMATH-134,Elementary Statistics,4
MMATH-134,Elementary Statistics,4
MMATH-135,Prob Solv Skills Tech Math 134,1
MMATH-135,Prob Solv Skills Tech Math 134,1
MMATH-135,Prob Solv Skills Tech Math 134,1
MMATH-135,Prob Solv Skills Tech Math 134,1
MMATH-135,Prob Solv Skills Tech Math 134,1
MMATH-135,Prob Solv Skills Tech Math 134,1
MMATH-135,Prob Solv Skills Tech Math 134,1
MMATH-138,Calculus Bus-Socsc,3
MMATH-171,Calculus: First Course,5
MMATH-171,Calculus: First Course,5
MMATH-171,Calculus: First Course,5
MMATH-172,Calculus: 2nd Course,5
MMATH-172,Calculus: 2nd Course,5
MMATH-173,Calculus: Third Course,5
MMDAST-320,Intro to Medical Assisting,3
MMDAST-321,Medical Terminology,3
MMDAST-321,Medical Terminology,3
MMDAST-321,Medical Terminology,3
MMDAST-321,Medical Terminology,3
MMDAST-321,Medical Terminology,3
MMDAST-321,Medical Terminology,3
MMDAST-321,Medical Terminology,3
MMDAST-321,Medical Terminology,3
MMDAST-321,Medical Terminology,3
MMDAST-321,Medical Terminology,3
MMDAST-321,Medical Terminology,3
MMDAST-321,Medical Terminology,3
MMDAST-322,Med Asst Admin Procedure,3.5
MMDAST-323,Med Asst Clinical Procedures,3
MMDAST-323,Med Asst Clinical Procedures,3
MMDAST-324,Intro to Disease/Pharmacology,4
MMDAST-325,Lab Procedures,3
MMDAST-326,Medical Assisting Practicum,7
MMICRO-101,Microbiology,4
MMICRO-101,Microbiology,4
MMICRO-101,Microbiology,4
MMICRO-101,Microbiology,4
MMICRO-101,Microbiology,4
MMICRO-101,Microbiology,4
MMICRO-101,Microbiology,4
MMICRO-111,Plagues of Humankind,3
MMUSA-121,Keyboard Skills 1,1
MMUSA-121,Keyboard Skills 1,1
MMUSA-121,Keyboard Skills 1,1
MMUSA-121,Keyboard Skills 1,1
MMUSA-121,Keyboard Skills 1,1
MMUSA-122,Piano Enrichment,1
MMUSA-123,Intermediate Piano,1
MMUSA-124,Applied Piano,1
MMUSA-141,Elementary Guitar,1
MMUSA-141,Elementary Guitar,1
MMUSA-141,Elementary Guitar,1
MMUSA-143,Guitar Enrichment,1
MMUSA-145,Applied Classical Guitar,1
MMUSA-151,Elementary Voice 1,1
MMUSA-152,Elementary Voice 2,1
MMUSA-161,Elementary Strings,1
MMUSA-162,Intermediate Strings,1
MMUSA-163,App Mus (Violin & Viola),1
MMUSA-164,Appl Mus (Cello & Bass),1
MMUSA-173,Appld Music Brass Percus,1
MMUSA-183,Applied Music (Woodwinds),1
MMUSC-111,Recording Arts 1,2
MMUSC-121,Intro Synth/MIDI,2
MMUSC-122,Electronic Music 2,2
MMUSC-126,Music Prdctn for Multimedia,2
MMUSE-145,Guitar Orchestra,1
MMUSE-155,Concert Choir,1
MMUSE-156,Chamber Choir,1
MMUSE-161,Community Orchestra,1
MMUSE-165,String Orchestra,1
MMUSE-171,Concert Band,1
MMUSE-175,Symphonic Band,1
MMUSE-181,Jazz Band,1
MMUSE-861,Community Orchestra,0
MMUSE-871,Concert Band,0
MMUSG-101,Music Appreciation,3
MMUSG-101,Music Appreciation,3
MMUSG-101,Music Appreciation,3
MMUSG-101,Music Appreciation,3
MMUSG-101,Music Appreciation,3
MMUSG-101,Music Appreciation,3
MMUSG-101,Music Appreciation,3
MMUSG-101,Music Appreciation,3
MMUSG-101,Music Appreciation,3
MMUSG-101,Music Appreciation,3
MMUSG-101,Music Appreciation,3
MMUSG-101,Music Appreciation,3
MMUSG-101,Music Appreciation,3
MMUSG-101,Music Appreciation,3
MMUSG-101,Music Appreciation,3
MMUSG-102,Intro to World Music,3
MMUSG-102,Intro to World Music,3
MMUSG-111,Intro American Pop Music,3
MMUSG-111,Intro American Pop Music,3
MMUST-101,Music Fundamentals 1,3
MMUST-121,Music Theory 1,3
MMUST-123,Music Theory 3,3
MMUST-131,Aural Skills 1,1
MMUST-133,Aural Skills 3,1
MMUST-141,Musicianship Guided Listening,1
MMUST-143,Musicianship Guided Lstng 3,1
MNURSE-52,Nurse Assistant,5
MNURSE-52,Nurse Assistant,5
MNURSE-52,Nurse Assistant,5
MNURSE-52,Nurse Assistant,5
MNURSE-115,Intro for Nursing Majors,1
MNURSE-115,Intro for Nursing Majors,1
MNURSE-115,Intro for Nursing Majors,1
MNURSE-259,LVN Transition: Role Change P,2
MNURSE-270,Nursing Process: Pharmacology,2
MNURSE-271,Nursing Process: Fundamentals,6.5
MNURSE-272,Nursing Process:geriatric Nurs,1
MNURSE-273,Nursing Proc: Maternal-Child N,6.5
MNURSE-274,Nursing Process: Mental Health,3
MNURSE-275,Nursing Process: Medical-Surg,7
MNURSE-278,Nursing Process Adv Medic Surg,10
MNURSK-800,Nursing Skills Development,0
MNURSK-800,Nursing Skills Development,0
MNURSK-800,Nursing Skills Development,0
MOFADM-201,Intermediate Keyboarding 1,1
MOFADM-202,Intermediate Keyboarding 2,2
MOFADM-203,Intermediate Keyboarding 3,3
MOFADM-231,Interm Word Processing,3
MOFADM-232,Adv Wrd Pro & Dsktop Pb,3
MOFADM-256,Intro to Word Processing,1
MOFADM-256,Intro to Word Processing,1
MOFADM-259,Intro to Spreadsheet Software,1
MOFADM-259,Intro to Spreadsheet Software,1
MOFADM-261,Introduction to Databases,1
MOFADM-262,Intro to Bus Pres Software,1
MOFADM-262,Intro to Bus Pres Software,1
MOFADM-301,Beginning Keyboarding,1.5
MOFADM-302,Beginning Document Processing,1.5
MOFADM-303,Keyboard for Speed/Accuracy,0.5
MOFADM-304,Prof.English for Business,3
MOFADM-311,Business Prfrdng Edtng,3
MOFADM-313,Office Skills,3
MOFADM-314,Office Procedures/Technologies,3
MOFADM-320,Telephone Techniques,1
MOFADM-328,Machine Transcription 1,1
MOFADM-329,Machine Transcription 2,2
MOFADM-330,Beginning Word Processing,3
MOFADM-353,Intro to Computers and Windows,1
MOFADM-363,Understanding the Internet,1
MOFADM-364,Grammar in the Office,1
MOFADM-366,Proofreading Techniques,1
MOFADM-375,10-KEY on the Computer,1
MOFADM-375,10-KEY on the Computer,1
MPE-100,Intro to Physical Education,3
MPE-100,Intro to Physical Education,3
MPE-107,Defensive Baseball Theory,2
MPE-108,Care & Prev of Athltc Injuries,3
MPE-108,Care & Prev of Athltc Injuries,3
MPE-109,Perform Thru Mental Training,3
MPE-110,Officiating: Spring Sports,3
MPE-111,Application of Sports Medicine,3
MPE-121,Coaching Effectiveness,3
MPE-124,Intro to Kinesiology,3
MPE-124,Intro to Kinesiology,3
MPE-126,Intro to Sport Management,3
MPE-130,Pers Train Health Fitness Inst,3
MPE-141,Supervision in Athletic Train,2
MPE-141,Supervision in Athletic Train,2
MPE-142,Sprvsn in Athletic Training 2,2
MPE-142,Sprvsn in Athletic Training 2,2
MPE-143,Sprvsn in Athletic Training 3,2
MPE-143,Sprvsn in Athletic Training 3,2
MPE-144,Sprvsn in Athletic Training 4,2
MPE-144,Sprvsn in Athletic Training 4,2
MPEA-116,Adapted Run/Walk,1
MPEA-116,Adapted Run/Walk,1
MPEA-141,Adapted Fitness,1
MPEA-800,Adapt Exercise Mature Adults,0
MPEA-800,Adapt Exercise Mature Adults,0
MPEA-800,Adapt Exercise Mature Adults,0
MPEC-102,Water Aerobics,1
MPEC-128,Aerobics,1
MPEC-128,Aerobics,1
MPEC-140,Exercise for Fitness,1
MPEC-140,Exercise for Fitness,1
MPEC-140,Exercise for Fitness,1
MPEC-143,Beginning Golf,1
MPEC-148,Yoga for Better Health,1
MPEC-148,Yoga for Better Health,1
MPEC-148,Yoga for Better Health,1
MPEC-148,Yoga for Better Health,1
MPEC-162,Aikido,1
MPEC-164,Self Defense,1
MPEC-164,Self Defense,1
MPEC-165,Beginning Judo,1
MPEC-170,Advanced Swimming,1
MPEC-175,Beginning Tennis,1
MPEC-187,Pilates for Fitness,1
MPEC-187,Pilates for Fitness,1
MPEC-187,Pilates for Fitness,1
MPEC-187,Pilates for Fitness,1
MPEC-191,Powerlifting,1
MPEC-191,Powerlifting,1
MPEC-195,Weight Training,1
MPEC-195,Weight Training,1
MPEC-195,Weight Training,1
MPEC-195,Weight Training,1
MPEC-195,Weight Training,1
MPEC-195,Weight Training,1
MPEC-195,Weight Training,1
MPEC-195,Weight Training,1
MPEC-195,Weight Training,1
MPEC-195,Weight Training,1
MPEC-195,Weight Training,1
MPEC-195,Weight Training,1
MPEC-197,Advanced Weight Training,1
MPEC-197,Advanced Weight Training,1
MPEM-112,Beg Basketball,1
MPEM-162,Soccer,1
MPEVM-101A,Training and Cond for Baseball,1
MPEVM-101A,Training and Cond for Baseball,1
MPEVM-101B,Training and Cond for Baseball,2
MPEVM-101B,Training and Cond for Baseball,2
MPEVM-105,Men's Varsity Basketball-Fall,2
MPEVM-107A,Training and Cond for Basketba,1
MPEVM-107X,Training and Cond for Basketba,0.5
MPEVM-110,Men's Varsity Cross Country,3
MPEVM-115,Varsity Football,3
MPEVM-122,Men's Varsity Soccer,3
MPEVM-131B,Training and Cond for Tennis,2
MPEVM-140,Men's Varsity Water Polo,3
MPEVM-145,Varsity Wrestling,3
MPEVM-146A,Training and Cond for Wrestlin,1
MPEVW-100,Women's Varsity Basketbal-Fall,2
MPEVW-102A,Train and Cond for Basketball,1
MPEVW-103,Women's Varsity Cross Country,3
MPEVW-115,Women's Varsity Golf,3
MPEVW-121C,Train and Cond for Softball,3
MPEVW-123,Women's Varsity Soccer,3
MPEVW-136A,Train & Cond for Track & Field,1
MPEVW-136B,Train & Cond for Track & Field,2
MPEVW-136B,Train & Cond for Track & Field,2
MPEVW-140,Women's Varsity Volleyball,3
MPEVW-145,Women's Varsity Water Polo,3
MPEVW-147A,Train and Cond for Athletics,1
MPEW-167A,Women's Beginning Judo,1
MPEW-192,Women's Weight Training,1
MPHILO-101,Philosophy,3
MPHILO-101,Philosophy,3
MPHILO-101,Philosophy,3
MPHILO-101,Philosophy,3
MPHILO-101,Philosophy,3
MPHILO-101,Philosophy,3
MPHILO-101,Philosophy,3
MPHILO-101,Philosophy,3
MPHILO-101,Philosophy,3
MPHILO-101,Philosophy,3
MPHILO-101,Philosophy,3
MPHILO-101,Philosophy,3
MPHILO-101,Philosophy,3
MPHILO-103,Symbolic Logic,3
MPHILO-103,Symbolic Logic,3
MPHILO-103,Symbolic Logic,3
MPHILO-103,Symbolic Logic,3
MPHILO-103,Symbolic Logic,3
MPHILO-105,Critical Reasoning and Anal Wr,3
MPHILO-105,Critical Reasoning and Anal Wr,3
MPHILO-105,Critical Reasoning and Anal Wr,3
MPHILO-105,Critical Reasoning and Anal Wr,3
MPHILO-105,Critical Reasoning and Anal Wr,3
MPHILO-105,Critical Reasoning and Anal Wr,3
MPHILO-111,Ethics: Theory & Application,3
MPHILO-123,20th Century Philosophy,3
MPHILO-130,Political Philosophy,3
MPHYS-102,"General Phys: Waves, Ther & Op",4
MPHYS-142,"Mechanics, Heat, & Waves",4
MPHYS-165,Introductory Physics,4
MPHYS-165,Introductory Physics,4
MPHYS-180,Conceptual Physics: Hands on,4
MPHYSO-101,Intro Human Physiology,4
MPHYSO-101,Intro Human Physiology,4
MPHYSO-101,Intro Human Physiology,4
MPHYSO-101,Intro Human Physiology,4
MPHYSO-101,Intro Human Physiology,4
MPHYSO-101,Intro Human Physiology,4
MPHYSO-101,Intro Human Physiology,4
MPHYSO-101,Intro Human Physiology,4
MPLSC-200,Intro to Plant Science,3
MPLSC-200,Intro to Plant Science,3
MPLSC-200,Intro to Plant Science,3
MPLSC-200,Intro to Plant Science,3
MPLSC-205,Field Crops,3
MPLSC-230,Fruit Science,3
MPOLSC-101,American Politics,3
MPOLSC-101,American Politics,3
MPOLSC-101,American Politics,3
MPOLSC-101,American Politics,3
MPOLSC-101,American Politics,3
MPOLSC-101,American Politics,3
MPOLSC-101,American Politics,3
MPOLSC-101,American Politics,3
MPOLSC-101,American Politics,3
MPOLSC-101,American Politics,3
MPOLSC-101,American Politics,3
MPOLSC-101,American Politics,3
MPOLSC-101,American Politics,3
MPOLSC-102,Constitution & Rights of Perso,3
MPOLSC-102,Constitution & Rights of Perso,3
MPOLSC-102,Constitution & Rights of Perso,3
MPOLSC-110,International Relations,3
MPOLSC-120,California Politics & Problems,3
MPOLSC-130,Political Theory,3
MPOLSC-140,Comparative Politics,3
MPOLSC-180,Human Rights,3
MPOLSC-195,Political Internship Discussio,1
MPOLSC-196,Political Internship,1
MPSYCH-51,Psych in Everyday Life,3
MPSYCH-51,Psych in Everyday Life,3
MPSYCH-101,General Psychology,3
MPSYCH-101,General Psychology,3
MPSYCH-101,General Psychology,3
MPSYCH-101,General Psychology,3
MPSYCH-101,General Psychology,3
MPSYCH-101,General Psychology,3
MPSYCH-101,General Psychology,3
MPSYCH-101,General Psychology,3
MPSYCH-101,General Psychology,3
MPSYCH-101,General Psychology,3
MPSYCH-101,General Psychology,3
MPSYCH-101,General Psychology,3
MPSYCH-101,General Psychology,3
MPSYCH-101,General Psychology,3
MPSYCH-102,Research Methods,3
MPSYCH-103,Introduction to Neuroscience,3
MPSYCH-103,Introduction to Neuroscience,3
MPSYCH-104,Intro to Social Psychology,3
MPSYCH-104,Intro to Social Psychology,3
MPSYCH-104,Intro to Social Psychology,3
MPSYCH-105,Abnormal Psychology,3
MPSYCH-110,Human Sexualities,3
MPSYCH-110,Human Sexualities,3
MPSYCH-110,Human Sexualities,3
MPSYCH-110,Human Sexualities,3
MPSYCH-110,Human Sexualities,3
MPSYCH-110,Human Sexualities,3
MPSYCH-110,Human Sexualities,3
MPSYCH-111,Psychology of Gender,3
MPSYCH-118,Pharm of Abused Substances,3
MPSYCH-130,Personal Adjustment,3
MPSYCH-141,Human Lifespan Devt.,3
MPSYCH-141,Human Lifespan Devt.,3
MPSYCH-141,Human Lifespan Devt.,3
MPSYCH-141,Human Lifespan Devt.,3
MPSYCH-141,Human Lifespan Devt.,3
MPSYCH-141,Human Lifespan Devt.,3
MREAD-40,Reading Comprehension,3
MREAD-40,Reading Comprehension,3
MREAD-40,Reading Comprehension,3
MREAD-40,Reading Comprehension,3
MREAD-40,Reading Comprehension,3
MREAD-40,Reading Comprehension,3
MREAD-40,Reading Comprehension,3
MREAD-40,Reading Comprehension,3
MREAD-40,Reading Comprehension,3
MREAD-40,Reading Comprehension,3
MREAD-40,Reading Comprehension,3
MREAD-40,Reading Comprehension,3
MREAD-40,Reading Comprehension,3
MREAD-40,Reading Comprehension,3
MREAD-40,Reading Comprehension,3
MREAD-82,College Reading-Comprehension,3
MREAD-82,College Reading-Comprehension,3
MREAD-82,College Reading-Comprehension,3
MREAD-82,College Reading-Comprehension,3
MREAD-82,College Reading-Comprehension,3
MREAD-82,College Reading-Comprehension,3
MREAD-82,College Reading-Comprehension,3
MREAD-184,Critical Reading,3
MREAD-184,Critical Reading,3
MREAD-184,Critical Reading,3
MREAD-184,Critical Reading,3
MREAD-184,Critical Reading,3
MREAD-184,Critical Reading,3
MREAD-184,Critical Reading,3
MRLES-380,Real Estate Principles,3
MRLES-380,Real Estate Principles,3
MRLES-381,Real Estate Practices,3
MRLES-381,Real Estate Practices,3
MRLES-385,"Rles Appraisal, Residential",3
MRSCR-222,Cardiopulm Anatomy and Physiol,3
MRSCR-224,Respiratory Care Theory 2,5
MRSCR-224,Respiratory Care Theory 2,5
MRSCR-232,Clinical 2,3.5
MRSCR-246,Current Issues in Resp Care,3
MRSCR-252,Physican Rounds for Rscr,0.5
MRSCR-255,Clinical 4,4.5
MRSCR-257,Clinical Preceptorship,2.5
MSIGN-125,Asl: Beg Comm With the Deaf,3
MSIGN-125,Asl: Beg Comm With the Deaf,3
MSIGN-125,Asl: Beg Comm With the Deaf,3
MSIGN-126,Asl: Int Comm With the Deaf,3
MSIGN-127,Asl: Adv Comm With the Deaf,3
MSM-331,Sheet Metal & Installation 1,3
MSM-332,Sheet Metal & Installation 2,3
MSOCIO-101,Intro to Sociology,3
MSOCIO-101,Intro to Sociology,3
MSOCIO-101,Intro to Sociology,3
MSOCIO-101,Intro to Sociology,3
MSOCIO-101,Intro to Sociology,3
MSOCIO-101,Intro to Sociology,3
MSOCIO-101,Intro to Sociology,3
MSOCIO-101,Intro to Sociology,3
MSOCIO-101,Intro to Sociology,3
MSOCIO-101,Intro to Sociology,3
MSOCIO-101,Intro to Sociology,3
MSOCIO-101,Intro to Sociology,3
MSOCIO-101,Intro to Sociology,3
MSOCIO-101,Intro to Sociology,3
MSOCIO-102,Social Problems in the U S,3
MSOCIO-102,Social Problems in the U S,3
MSOCIO-105,Intro to Stats for Soc & Beh,3
MSOCIO-105,Intro to Stats for Soc & Beh,3
MSOCIO-125,Sociology of the Family,3
MSOCIO-125,Sociology of the Family,3
MSOCIO-125,Sociology of the Family,3
MSOCIO-125,Sociology of the Family,3
MSOCIO-125,Sociology of the Family,3
MSOCIO-150,Ethnicity & Culture in America,3
MSOCIO-150,Ethnicity & Culture in America,3
MSOCSC-105,Women's Studies,3
MSOCSC-109,Intro Ed Prac in Tutor,3
MSOCSC-110,Intro to Elem Education,3
MSOCSC-154,Movies With Message,3
MSPAN-51,Introductory Spanish 1,3
MSPAN-51,Introductory Spanish 1,3
MSPAN-101,Spanish 1,5
MSPAN-101,Spanish 1,5
MSPAN-101,Spanish 1,5
MSPAN-101,Spanish 1,5
MSPAN-101,Spanish 1,5
MSPAN-101,Spanish 1,5
MSPAN-101,Spanish 1,5
MSPAN-101,Spanish 1,5
MSPAN-101,Spanish 1,5
MSPAN-101,Spanish 1,5
MSPAN-101,Spanish 1,5
MSPAN-101,Spanish 1,5
MSPAN-101,Spanish 1,5
MSPAN-101,Spanish 1,5
MSPAN-101,Spanish 1,5
MSPAN-102,Spanish 2,5
MSPAN-102,Spanish 2,5
MSPAN-102,Spanish 2,5
MSPAN-109,Span for Span Speakers: 1,5
MSPAN-109,Span for Span Speakers: 1,5
MSPAN-109,Span for Span Speakers: 1,5
MSPAN-112,Intro to Chicano/a Literature,3
MSPELL-32,Spelling & Pronunciation,3
MSPELL-32,Spelling & Pronunciation,3
MSTSK-25,Student Success Strategies,1
MSTSK-78,College Study Skills,3
MSTSK-78,College Study Skills,3
MSTSK-78,College Study Skills,3
MSTSK-78,College Study Skills,3
MSTSK-78,College Study Skills,3
MSUPR-106,Organizational Communication,3
MSUPR-351,Elements of Supervision,3
MSUPR-364,Total Quality Mgmt,3
MTHETR-100,Intro to Theatre Arts,3
MTHETR-100,Intro to Theatre Arts,3
MTHETR-100,Intro to Theatre Arts,3
MTHETR-100,Intro to Theatre Arts,3
MTHETR-100,Intro to Theatre Arts,3
MTHETR-122,Intro to Readers' Theatre,3
MTHETR-123,Storytelling,3
MTHETR-123,Storytelling,3
MTHETR-124,Advanced Readers' Theatre,3
MTHETR-133,Rehearsal and Perf 1,2
MTHETR-133,Rehearsal and Perf 1,2
MTHETR-134,Rehearsal and Perf 2,2
MTHETR-134,Rehearsal and Perf 2,2
MTHETR-135,Rehearsal and Perf 3,2
MTHETR-135,Rehearsal and Perf 3,2
MTHETR-136,Rehearsal and Perf 4,2
MTHETR-136,Rehearsal and Perf 4,2
MTHETR-160,Fundamentals of Acting,3
MTHETR-160,Fundamentals of Acting,3
MTHETR-164,Improvisational Acting,3
MTHETR-174,Stage Makeup,3
MTHETR-190,Theatre Production Workshop,1
MTHETR-190,Theatre Production Workshop,1
MTHETR-190,Theatre Production Workshop,1
MTHETR-190,Theatre Production Workshop,1
MTHETR-190,Theatre Production Workshop,1
MTHETR-190,Theatre Production Workshop,1
MTHETR-196,Stage Management,3
MTUTOR-110,Intro to Tutoring Compostion,1
MTUTOR-850,Supervised Tutoring,0
MWELD-200,Arc & Gas Welding,3
MWELD-200,Arc & Gas Welding,3
MWELD-200,Arc & Gas Welding,3
MWELD-204,Gas Met Arc Weld & Flux Core,3
MWELD-206,Gas Tung Arc Weld (G.T.A.W.),3
MWELD-206,Gas Tung Arc Weld (G.T.A.W.),3
MWELD-300,Intermediate Welding,3
MWELD-325,Design and Fabrication Process,3
MZOOL-101,General Zoology,4
